range,std,n_unique,flat,COMID,FTYPE,n_cells,resolution
1.595001220703125,0.23452326305110474,1476,False,14438704,SwampMarsh,465195,1m
3.673004150390625,0.34658680134921954,3422,False,14439062,SwampMarsh,619644,1m
5.093994140625,0.6446915494932877,4602,False,14292775,SwampMarsh,351350,1m
11.3280029296875,2.2130132110102716,9660,False,14425914,SwampMarsh,89471,1m
0.295989990234375,0.002794253578454208,40,False,14293149,SwampMarsh,203574,1m
0.0,0.0,1,True,14439646,SwampMarsh,323502,1m
2.84600830078125,0.29014324003135283,2696,False,14747028,SwampMarsh,576312,1m
12.72900390625,1.5935164035629454,10363,False,14678072,SwampMarsh,241062,1m
1.925994873046875,0.023161767895699896,876,False,14292851,SwampMarsh,2018690,1m
2.779052734375,0.1185335865223137,1035,False,14677900,SwampMarsh,155266,1m
1.406005859375,0.05227431220682144,808,False,14678978,SwampMarsh,319377,1m
0.0,0.0,1,True,14292933,SwampMarsh,718649,1m
3.98699951171875,0.37477392731783016,3299,False,21542748,SwampMarsh,385943,1m
0.613006591796875,0.06090511789464589,565,False,14432179,SwampMarsh,691894,1m
2.855010986328125,0.5338864737384115,2770,False,14826663,SwampMarsh,252561,1m
0.0,0.0,1,True,14679124,SwampMarsh,677959,1m
1.214996337890625,0.13699634158386126,1063,False,14438718,SwampMarsh,112968,1m
3.4510498046875,0.1894608316741322,2158,False,14677918,SwampMarsh,265474,1m
5.433013916015625,0.5932623573342136,4501,False,21542730,SwampMarsh,486090,1m
4.121002197265625,0.21282086900255,1930,False,14747020,SwampMarsh,700654,1m
0.0,0.0,1,True,14293147,SwampMarsh,1205901,1m
0.0,0.0,1,True,14680598,SwampMarsh,370366,1m
0.0,0.0,1,True,14293511,SwampMarsh,687911,1m
12.41802978515625,2.052715858027947,11476,False,14685250,SwampMarsh,350872,1m
1.58001708984375,0.10741846277973338,1427,False,21529424,SwampMarsh,510810,1m
0.0,0.0,1,True,14679016,SwampMarsh,595855,1m
5.83099365234375,0.3616286063090732,4414,False,21542860,SwampMarsh,691768,1m
6.7960205078125,0.46126051622602454,4051,False,14679084,SwampMarsh,332843,1m
0.0,0.0,1,True,14293513,SwampMarsh,230478,1m
2.9320068359375,0.6609477894772192,2864,False,14677906,SwampMarsh,160442,1m
0.8109893798828125,0.11100317976305075,740,False,14425900,SwampMarsh,193270,1m
3.246002197265625,0.21030713479846463,2900,False,14746986,SwampMarsh,606425,1m
0.0,0.0,1,True,14677950,SwampMarsh,213233,1m
2.9739990234375,0.3740972135406878,2675,False,21542742,SwampMarsh,327464,1m
0.0,0.0,1,True,14828491,SwampMarsh,1458582,1m
1.587005615234375,0.20427373135071633,1275,False,14438660,SwampMarsh,127624,1m
6.43499755859375,0.7068668687485054,5929,False,14679178,SwampMarsh,554235,1m
5.6099853515625,0.3421391315301705,5154,False,14679082,SwampMarsh,1379794,1m
0.0,0.0,1,True,14679338,SwampMarsh,146071,1m
0.0,0.0,1,True,14677970,SwampMarsh,469380,1m
5.15899658203125,0.47498178655586176,3969,False,14293637,SwampMarsh,552639,1m
0.0,0.0,1,True,14439652,SwampMarsh,916470,1m
0.592987060546875,0.09697840367608018,528,False,14439634,SwampMarsh,294259,1m
3.126953125,0.41747517430607334,2463,False,14293685,SwampMarsh,239459,1m
4.00201416015625,0.4187696490399607,2987,False,14825849,SwampMarsh,188346,1m
6.18499755859375,0.7987632522269391,5871,False,14828351,SwampMarsh,510084,1m
3.11798095703125,0.07402077818690894,1641,False,14439596,SwampMarsh,683399,1m
1.878997802734375,0.2522112689608534,1482,False,14826153,SwampMarsh,35300,1m
1.628997802734375,0.1303852950851458,1395,False,21542750,SwampMarsh,1299123,1m
1.597991943359375,0.3100660396011942,1548,False,14425916,SwampMarsh,106132,1m
0.0,0.0,1,True,14680494,SwampMarsh,471043,1m
3.256011962890625,0.2557003394223856,2279,False,14825021,SwampMarsh,249491,1m
2.6090087890625,0.10662268495292104,1610,False,14825033,SwampMarsh,703780,1m
2.760009765625,0.3334274049069578,2712,False,14273986,SwampMarsh,764553,1m
3.17498779296875,0.36426593730300616,2890,False,14432153,SwampMarsh,541978,1m
4.2449951171875,0.7075290614104051,3990,False,14679132,SwampMarsh,326782,1m
0.0,0.0,1,True,14293565,SwampMarsh,499712,1m
2.656005859375,0.44093363931825735,2351,False,14425996,SwampMarsh,123354,1m
5.23297119140625,0.08053680746503969,361,False,14681186,SwampMarsh,301132,1m
0.407989501953125,0.037124585746512735,374,False,14826463,SwampMarsh,50967,1m
5.885009765625,0.772323494666136,4700,False,14683950,SwampMarsh,314378,1m
5.701995849609375,0.4802018457738971,4626,False,14827103,SwampMarsh,362719,1m
4.46099853515625,0.3778447928526314,3437,False,14273982,SwampMarsh,1002866,1m
5.2949981689453125,0.6698306888102097,4332,False,14425890,SwampMarsh,517588,1m
0.0,0.0,1,True,14293571,SwampMarsh,349502,1m
5.537994384765625,0.8846187770779087,5133,False,14747004,SwampMarsh,584109,1m
0.0,0.0,1,True,14678970,SwampMarsh,219809,1m
2.204010009765625,0.26624071498278784,2157,False,14432149,SwampMarsh,414418,1m
3.4749755859375,0.7319277916076715,3353,False,21541262,SwampMarsh,537593,1m
0.0,0.0,1,True,14745758,SwampMarsh,197379,1m
2.22198486328125,0.19588741337688187,1970,False,14438688,SwampMarsh,299467,1m
2.04998779296875,0.046278946389395566,280,False,14678980,SwampMarsh,134384,1m
0.0,0.0,1,True,14747002,SwampMarsh,259095,1m
0.0,0.0,1,True,14294003,SwampMarsh,20084538,1m
0.0,0.0,1,True,14439644,SwampMarsh,1498603,1m
3.78399658203125,0.43239027612416275,2578,False,14825675,SwampMarsh,63149,1m
6.60101318359375,0.9329316138347843,6400,False,14828505,SwampMarsh,1721356,1m
1.406982421875,0.07467136585863705,1085,False,14439604,SwampMarsh,246275,1m
3.9840087890625,0.1967414647849691,1776,False,21542846,SwampMarsh,213847,1m
1.747955322265625,0.004135695647836564,117,False,14826233,SwampMarsh,1300379,1m
4.156005859375,0.4284246260412008,3641,False,14684084,SwampMarsh,267509,1m
2.69403076171875,0.0816483470322489,955,False,14745156,SwampMarsh,353641,1m
7.425994873046875,1.542543755370099,7250,False,14824987,SwampMarsh,472347,1m
0.0,0.0,1,True,14678044,SwampMarsh,214258,1m
3.345001220703125,0.45103238685051367,3165,False,14825531,SwampMarsh,263174,1m
6.6810150146484375,0.7201740627256105,5608,False,14439690,SwampMarsh,288626,1m
5.386016845703125,0.554328359845379,4939,False,14273908,SwampMarsh,1002184,1m
4.217987060546875,0.34448431703838023,3141,False,14292727,SwampMarsh,431368,1m
2.56298828125,0.026453404464591358,300,False,14438726,SwampMarsh,240838,1m
2.65899658203125,0.17190977552351328,2184,False,14300057,SwampMarsh,421109,1m
1.71697998046875,0.19729496499456145,1556,False,14293667,SwampMarsh,260545,1m
2.52398681640625,0.3791154199480956,2396,False,14293661,SwampMarsh,267302,1m
2.14599609375,0.09833629653055988,1227,False,14745100,SwampMarsh,167817,1m
7.212005615234375,1.0467635749479822,6662,False,14300037,SwampMarsh,399390,1m
2.759979248046875,0.3502460337377614,2239,False,14825513,SwampMarsh,113869,1m
2.123016357421875,0.23473410891178956,1883,False,14293677,SwampMarsh,277370,1m
0.0,0.0,1,True,14828493,SwampMarsh,2582964,1m
1.326995849609375,0.10171532484970397,1086,False,14425894,SwampMarsh,607890,1m
0.510009765625,0.06497798892583033,413,False,14824709,SwampMarsh,305719,1m
0.0,0.0,1,True,14681088,SwampMarsh,153763,1m
2.3759765625,0.0337814860549845,321,False,14678984,SwampMarsh,231846,1m
0.49200439453125,0.0033638573095987304,68,False,14677948,SwampMarsh,234452,1m
4.75701904296875,0.3967398578872603,4031,False,14293697,SwampMarsh,470807,1m
1.80401611328125,0.3165746550935854,1737,False,14438866,SwampMarsh,181050,1m
1.75897216796875,0.03978109852285289,590,False,14677946,SwampMarsh,170671,1m
0.0,0.0,1,True,14679058,SwampMarsh,353027,1m
0.51300048828125,0.016941925942464138,447,False,14293011,SwampMarsh,610004,1m
2.23699951171875,0.21372795177426554,1830,False,14825433,SwampMarsh,63087,1m
4.319000244140625,0.278138557759269,3681,False,14828517,SwampMarsh,606031,1m
1.816009521484375,0.35087919011344515,1728,False,14300069,SwampMarsh,296202,1m
2.78399658203125,0.3671227847994744,2150,False,14679076,SwampMarsh,222554,1m
1.9000244140625,0.20828179153900614,1749,False,14293999,SwampMarsh,214855,1m
1.88800048828125,0.2277715489148592,1629,False,14292979,SwampMarsh,58188,1m
4.697998046875,0.3005799386136304,3055,False,21542862,SwampMarsh,264828,1m
1.76800537109375,0.12979599575632625,1625,False,14293207,SwampMarsh,469880,1m
5.3800048828125,0.5355422304005946,5088,False,14411651,SwampMarsh,841590,1m
1.46600341796875,0.18354518419214047,1342,False,14825491,SwampMarsh,251373,1m
4.733001708984375,0.3702702572710372,2848,False,6680892,SwampMarsh,139586,1m
0.0,0.0,1,True,14745124,SwampMarsh,308682,1m
0.0,0.0,1,True,12713032,SwampMarsh,85708,1m
5.343994140625,1.0904905274630519,5101,False,14826049,SwampMarsh,126646,1m
3.954986572265625,0.24095319066578574,3027,False,14438736,SwampMarsh,2256645,1m
1.15399169921875,0.1886951023290004,1106,False,14293037,SwampMarsh,328446,1m
0.0,0.0,1,True,14293585,SwampMarsh,881088,1m
3.9840087890625,0.45996568886026346,3403,False,14293501,SwampMarsh,269828,1m
0.0,0.0,1,True,14679188,SwampMarsh,222231,1m
0.0,0.0,1,True,21542864,SwampMarsh,355885,1m
1.214019775390625,0.07586240037214464,1038,False,14824783,SwampMarsh,300007,1m
3.845001220703125,0.3966279776829447,3281,False,14293129,SwampMarsh,360639,1m
1.02099609375,0.12929139923073793,939,False,14826537,SwampMarsh,84424,1m
0.0,0.0,1,True,14292997,SwampMarsh,1334672,1m
2.1719970703125,0.15997996706644124,1903,False,14826107,SwampMarsh,338693,1m
3.864013671875,0.2047178237523999,3311,False,6690543,SwampMarsh,1169037,1m
2.089996337890625,0.012398142373550518,648,False,14825071,SwampMarsh,2264917,1m
1.048980712890625,0.017686246506385013,873,False,14292887,SwampMarsh,2719192,1m
0.220947265625,0.0037610345061932816,142,False,21529442,SwampMarsh,277601,1m
0.0,0.0,1,True,14679190,SwampMarsh,314452,1m
1.798980712890625,0.2609267508613983,1511,False,14826155,SwampMarsh,50083,1m
1.76898193359375,0.051190490134491985,536,False,14680276,SwampMarsh,223185,1m
10.858001708984375,0.4876552770876377,8170,False,14292941,SwampMarsh,1910437,1m
4.12701416015625,0.28623842368446983,2376,False,14678050,SwampMarsh,147668,1m
3.267974853515625,0.04549924459375357,637,False,14827309,SwampMarsh,292786,1m
5.4849853515625,0.7581358397655621,5246,False,14273898,SwampMarsh,2427618,1m
1.826995849609375,0.2707314958040377,1722,False,14825803,SwampMarsh,134583,1m
6.375,0.35633703917464854,4067,False,14678248,SwampMarsh,523043,1m
0.0,0.0,1,True,14745110,SwampMarsh,63471,1m
1.1400146484375,0.06912143645241339,1063,False,14292921,SwampMarsh,343081,1m
4.23193359375,0.024093737829831558,240,False,14685032,SwampMarsh,647493,1m
3.873992919921875,0.4802129536230312,3391,False,14293695,SwampMarsh,327115,1m
3.926025390625,0.3851046565970092,3302,False,14678064,SwampMarsh,264469,1m
3.12799072265625,0.5209695909540196,3078,False,14438934,SwampMarsh,336979,1m
15.08599853515625,3.588390132292327,14893,False,14828483,SwampMarsh,3322055,1m
4.2550048828125,0.3688425823404636,3960,False,14299939,SwampMarsh,762859,1m
0.0,0.0,1,True,14678988,SwampMarsh,320909,1m
3.28900146484375,0.19271267780984985,2283,False,14425880,SwampMarsh,115463,1m
11.707000732421875,2.668765767762554,11337,False,14828489,SwampMarsh,1616436,1m
3.53399658203125,0.5248163780962252,3084,False,14411667,SwampMarsh,462118,1m
3.7969970703125,0.4307052484050001,2699,False,14826655,SwampMarsh,128650,1m
11.08599853515625,1.312535181576177,10694,False,14828845,SwampMarsh,4916536,1m
0.0,0.0,1,True,14292999,SwampMarsh,557823,1m
0.647979736328125,0.08672413126802035,552,False,14425910,SwampMarsh,51500,1m
3.134002685546875,0.41690706176783204,2854,False,14299993,SwampMarsh,430239,1m
4.84002685546875,0.3581858978925669,3654,False,14828179,SwampMarsh,558586,1m
11.680999755859375,2.332384707602711,11365,False,14828507,SwampMarsh,1038073,1m
0.0,0.0,1,True,14679344,SwampMarsh,141011,1m
0.0,0.0,1,True,14300029,SwampMarsh,647269,1m
2.39300537109375,0.11857055114463745,2126,False,21529428,SwampMarsh,531631,1m
1.5419921875,0.17926294187468877,1398,False,14292989,SwampMarsh,127916,1m
4.90899658203125,0.3564375333953564,3846,False,14679040,SwampMarsh,426976,1m
2.7030029296875,0.44007209205497855,2135,False,14438860,SwampMarsh,160219,1m
4.7850341796875,0.43145103373380056,3875,False,14677896,SwampMarsh,261930,1m
1.6090087890625,0.23178978132015252,1467,False,14425912,SwampMarsh,238161,1m
2.342987060546875,0.2585901795640897,1931,False,14438730,SwampMarsh,190736,1m
3.076995849609375,0.04336233465155306,1305,False,14293059,SwampMarsh,1289370,1m
4.21197509765625,0.7643319062608115,3944,False,14292939,SwampMarsh,258742,1m
9.897003173828125,1.3541804739133232,8518,False,14828281,SwampMarsh,704644,1m
0.2969970703125,0.003630795673241995,82,False,14679126,SwampMarsh,263206,1m
3.0679931640625,0.5028292789615644,2906,False,14747034,SwampMarsh,1352398,1m
4.88800048828125,0.8836538172710015,4083,False,14825613,SwampMarsh,101358,1m
2.037994384765625,0.24540866005870254,1964,False,14432161,SwampMarsh,498439,1m
1.881011962890625,0.08986147423533318,990,False,14825925,SwampMarsh,380909,1m
5.61798095703125,0.4479926590519076,4791,False,14684932,SwampMarsh,577746,1m
3.27099609375,0.4866284425376336,2775,False,14826605,SwampMarsh,101539,1m
4.26397705078125,0.29244089584419464,3009,False,14678052,SwampMarsh,610703,1m
6.053955078125,1.0393708623488762,5818,False,21541422,SwampMarsh,285973,1m
5.17999267578125,1.021039191098154,4957,False,21541456,SwampMarsh,259293,1m
0.381011962890625,0.0027380188704795487,77,False,14746988,SwampMarsh,479548,1m
2.095001220703125,0.33429030389905295,1994,False,14825859,SwampMarsh,52559,1m
1.694000244140625,0.3774960844264227,1625,False,14432147,SwampMarsh,51033,1m
3.298004150390625,0.33973732653704003,2725,False,14425924,SwampMarsh,179851,1m
0.0,0.0,1,True,14827335,SwampMarsh,399118,1m
1.98699951171875,0.21485186491794792,1639,False,14826145,SwampMarsh,260858,1m
7.4580078125,0.32230575735035816,2482,False,14678976,SwampMarsh,261193,1m
0.0,0.0,1,True,14438802,SwampMarsh,100944,1m
2.78497314453125,0.2344218367358735,2527,False,14293729,SwampMarsh,1042074,1m
0.0,0.0,1,True,14745096,SwampMarsh,301218,1m
2.175018310546875,0.2313836000696126,2071,False,14826645,SwampMarsh,1130197,1m
1.90399169921875,0.31088286998198345,1847,False,21542734,SwampMarsh,265141,1m
2.928009033203125,0.1247920236913857,1414,False,14293517,SwampMarsh,253793,1m
0.0,0.0,1,True,14293025,SwampMarsh,196981,1m
0.0,0.0,1,True,21542848,SwampMarsh,442624,1m
4.78204345703125,0.300672304636706,3211,False,14745106,SwampMarsh,309344,1m
1.19598388671875,0.2120009495961613,1119,False,14293469,SwampMarsh,143874,1m
4.261993408203125,0.40751659473732477,4225,False,14750364,SwampMarsh,2138370,1m
4.094970703125,0.3005653124972127,2702,False,14745116,SwampMarsh,220676,1m
4.915985107421875,0.4732841455249186,4554,False,14293093,SwampMarsh,513551,1m
2.977020263671875,0.0867981939455129,1424,False,14273906,SwampMarsh,353177,1m
0.0,0.0,1,True,14745776,SwampMarsh,2417646,1m
4.686981201171875,0.6170738456198485,4425,False,6680896,SwampMarsh,291891,1m
5.531982421875,0.7644741377586811,4897,False,14292581,SwampMarsh,219917,1m
1.74798583984375,0.09916355669919916,1510,False,14293055,SwampMarsh,654659,1m
1.714996337890625,0.08175904237839092,974,False,14826163,SwampMarsh,144565,1m
2.2550048828125,0.31577090977046024,1825,False,14825723,SwampMarsh,47333,1m
4.9300537109375,0.41201194943902547,3751,False,14678080,SwampMarsh,249197,1m
0.0,0.0,1,True,14680476,SwampMarsh,243149,1m
5.821990966796875,0.5347609223457965,5166,False,6690545,SwampMarsh,512286,1m
0.0,0.0,1,True,14678964,SwampMarsh,256456,1m
6.0870361328125,0.6040346009311293,5382,False,120054378,SwampMarsh,578140,1m
4.97100830078125,0.062279926962796904,988,False,14679350,SwampMarsh,770203,1m
3.2130126953125,0.0711790125265368,1763,False,14677920,SwampMarsh,958881,1m
12.90802001953125,0.6807655914177146,1829,False,14747076,SwampMarsh,126862,1m
0.0,0.0,1,True,14825445,SwampMarsh,251305,1m
0.63201904296875,0.10710023852390325,606,False,14826281,SwampMarsh,79024,1m
0.0,0.0,1,True,14439648,SwampMarsh,945359,1m
3.4229736328125,0.269746949991099,2630,False,21527834,SwampMarsh,477555,1m
2.25994873046875,0.33711686088654913,2229,False,14684440,SwampMarsh,796145,1m
0.0,0.0,1,True,14678030,SwampMarsh,209704,1m
5.13201904296875,0.8448433127885232,4680,False,14826477,SwampMarsh,143938,1m
2.805023193359375,0.143018704142151,1583,False,14439620,SwampMarsh,209652,1m
0.860992431640625,0.08511326897584584,758,False,14825983,SwampMarsh,134727,1m
2.051025390625,0.2014018500606699,1726,False,14825731,SwampMarsh,314162,1m
5.864990234375,0.21478489328009676,1843,False,14678982,SwampMarsh,292426,1m
6.83099365234375,0.9657629565762383,6676,False,14438720,SwampMarsh,825919,1m
5.59600830078125,0.24586067955953808,2803,False,14299921,SwampMarsh,308318,1m
0.0,0.0,1,True,14438828,SwampMarsh,98182,1m
3.09100341796875,0.4769624274394144,2981,False,14438738,SwampMarsh,198789,1m
2.480987548828125,0.18131465599833205,1970,False,14432221,SwampMarsh,380205,1m
8.787994384765625,0.7130891151258841,6336,False,14274008,SwampMarsh,677366,1m
1.64300537109375,0.2073246789817105,1364,False,14438848,SwampMarsh,188859,1m
0.0,0.0,1,True,14745104,SwampMarsh,219467,1m
3.56500244140625,0.4809702278104429,3236,False,14438690,SwampMarsh,348500,1m
0.639984130859375,0.011595963389957173,320,False,14439618,SwampMarsh,743985,1m
0.0,0.0,1,True,14826271,SwampMarsh,502639,1m
0.0,0.0,1,True,14293001,SwampMarsh,193267,1m
1.56097412109375,0.12451554644711901,1396,False,14747014,SwampMarsh,374034,1m
3.540008544921875,0.5226733672049987,3359,False,12713026,SwampMarsh,298681,1m
1.920989990234375,0.08128574084306009,1413,False,14438794,SwampMarsh,390781,1m
0.0,0.0,1,True,14678972,SwampMarsh,1849753,1m
0.0,0.0,1,True,14293631,SwampMarsh,235128,1m
0.0,0.0,1,True,14745454,SwampMarsh,1515865,1m
0.0,0.0,1,True,14678962,SwampMarsh,226942,1m
0.0,0.0,1,True,14745114,SwampMarsh,331806,1m
0.0,0.0,1,True,14678992,SwampMarsh,342020,1m
1.813995361328125,0.04733786566842795,869,False,21542756,SwampMarsh,504007,1m
2.81396484375,0.3101035541105198,2161,False,14677958,SwampMarsh,255476,1m
0.0,0.0,1,True,14678994,SwampMarsh,192443,1m
0.72100830078125,0.0683183775802206,672,False,14684474,SwampMarsh,531612,1m
2.3909912109375,0.2348250700289242,2136,False,14432163,SwampMarsh,584868,1m
2.253997802734375,0.21062325620364278,1678,False,14438764,SwampMarsh,220836,1m
0.0,0.0,1,True,14678986,SwampMarsh,450758,1m
7.64599609375,0.23811041770513497,4189,False,12713024,SwampMarsh,1181138,1m
5.4840087890625,0.5126177583499225,5014,False,21542856,SwampMarsh,672689,1m
4.865020751953125,0.4015403337380869,3745,False,14299959,SwampMarsh,268032,1m
1.521026611328125,0.2159513153866565,1395,False,14825913,SwampMarsh,104576,1m
1.11199951171875,0.11311235030772604,1045,False,21542754,SwampMarsh,1383529,1m
6.488983154296875,0.6420495819319536,5184,False,14293027,SwampMarsh,331599,1m
10.302001953125,1.6633369734990424,9366,False,14273932,SwampMarsh,371690,1m
5.39703369140625,0.4077599470634655,2221,False,14677964,SwampMarsh,163178,1m
8.957000732421875,0.365646738238792,6428,False,14828513,SwampMarsh,2293836,1m
0.156005859375,0.0015921938789040457,33,False,14677902,SwampMarsh,72609,1m
10.0350341796875,1.5938838554954935,9047,False,14685158,SwampMarsh,355365,1m
0.0,0.0,1,True,14439656,SwampMarsh,515660,1m
2.410003662109375,0.33213008454260645,2246,False,14828387,SwampMarsh,522069,1m
0.0,0.0,1,True,14439642,SwampMarsh,548414,1m
1.839996337890625,0.3092809812427585,1735,False,14293665,SwampMarsh,346042,1m
3.25799560546875,0.3216004796096291,2753,False,14678002,SwampMarsh,325815,1m
0.739990234375,0.0850178237121119,530,False,14826007,SwampMarsh,106288,1m
2.77001953125,0.24930687841495341,1804,False,14300007,SwampMarsh,272005,1m
0.70501708984375,0.09807771072467837,578,False,14824713,SwampMarsh,133233,1m
0.0,0.0,1,True,14678088,SwampMarsh,263638,1m
2.0269775390625,0.1462321526816929,1482,False,14677962,SwampMarsh,127239,1m
4.0059814453125,0.26722834078623925,2767,False,14293657,SwampMarsh,203498,1m
3.27301025390625,0.2948499785608587,3190,False,14273900,SwampMarsh,1015439,1m
2.837005615234375,0.19876260231371531,2562,False,14432151,SwampMarsh,1624949,1m
3.69000244140625,0.614305843969191,3629,False,14300043,SwampMarsh,450290,1m
1.510009765625,0.12306014040465901,1036,False,14432157,SwampMarsh,491459,1m
1.488006591796875,0.2896523828096396,1425,False,14411671,SwampMarsh,301335,1m
0.0,0.0,1,True,21542836,SwampMarsh,316489,1m
10.1309814453125,0.42448646362155135,4633,False,14680186,SwampMarsh,585159,1m
0.430023193359375,0.004084293604012212,181,False,14824701,SwampMarsh,769907,1m
2.37799072265625,0.34192731233555934,2000,False,14825945,SwampMarsh,59838,1m
1.082977294921875,0.1807402572866838,1003,False,14425898,SwampMarsh,160050,1m
6.264007568359375,0.661516283277056,5606,False,14438734,SwampMarsh,507407,1m
3.573974609375,0.4787194597661565,3229,False,14292807,SwampMarsh,424695,1m
1.6300048828125,0.0553881800278688,1050,False,14824853,SwampMarsh,847633,1m
0.0,0.0,1,True,14293561,SwampMarsh,175377,1m
5.3599853515625,0.3917997423087764,4278,False,6690553,SwampMarsh,852691,1m
1.131011962890625,0.047604129296891264,781,False,14293643,SwampMarsh,242465,1m
9.23297119140625,1.4984964525837996,7447,False,14273988,SwampMarsh,371384,1m
1.3599853515625,0.12418673386790867,992,False,14826521,SwampMarsh,113139,1m
0.71600341796875,0.036488426960833056,409,False,14253407,LakePond,57813,1m
0.72698974609375,0.06374233026197317,550,False,14174385,LakePond,85339,1m
1.010986328125,0.08197401876268645,639,False,14679438,LakePond,29984,1m
0.38494873046875,0.007861090600266114,235,False,14747798,LakePond,223508,1m
1.44500732421875,0.23888566745197382,1228,False,14297565,LakePond,41268,1m
0.805999755859375,0.19160570828859555,691,False,14299217,LakePond,13386,1m
0.438995361328125,0.020769900599662564,211,False,6677124,LakePond,56735,1m
0.1829833984375,0.002206843913589325,11,False,11439745,LakePond,20296,1m
1.25201416015625,0.039080367193593875,256,False,11439859,LakePond,29974,1m
0.0,0.0,1,True,11453024,LakePond,39325,1m
2.25201416015625,0.07680890992362407,464,False,14411995,LakePond,62943,1m
1.7919921875,0.0529619591568513,454,False,21536206,LakePond,55010,1m
0.5460205078125,0.03510566726449814,309,False,11436857,LakePond,15421,1m
1.430023193359375,0.2122528161869914,1237,False,11499978,LakePond,29447,1m
1.03704833984375,0.2004741159535118,844,False,11497160,LakePond,15024,1m
1.96099853515625,0.25329213941449513,1468,False,14251505,LakePond,42871,1m
5.11505126953125,0.6867870059390767,4343,False,11501196,LakePond,124072,1m
1.239990234375,0.2284646531999054,1176,False,14294415,LakePond,21440,1m
1.510986328125,0.25097606113542975,1129,False,14274052,LakePond,20725,1m
1.201995849609375,0.16374989127951547,1018,False,11473238,LakePond,21532,1m
5.532958984375,0.34555666928151696,2217,False,11445137,LakePond,89046,1m
0.0,0.0,1,True,12575238,LakePond,22464,1m
1.33099365234375,0.3169119149138574,1169,False,14298669,LakePond,13292,1m
0.454986572265625,0.07923306653600772,407,False,14411947,LakePond,28901,1m
0.42401123046875,0.0033762662250579265,85,False,14677988,LakePond,181580,1m
0.0,0.0,1,True,14684436,LakePond,85378,1m
0.628021240234375,0.08626664633439624,543,False,14296485,LakePond,18244,1m
3.10198974609375,0.32366738219973407,2291,False,14160236,LakePond,89773,1m
0.10504150390625,0.0004911726934104459,15,False,14745824,LakePond,107297,1m
1.173980712890625,0.18961136466301606,944,False,6674728,LakePond,16649,1m
3.7760009765625,0.7178279073883935,2955,False,14683240,LakePond,31385,1m
0.04998779296875,0.00025274646453023306,8,False,14433061,LakePond,67830,1m
1.162994384765625,0.16812858447376072,1044,False,14413473,LakePond,13798,1m
6.46197509765625,2.028674865561221,4732,False,14678234,LakePond,19668,1m
1.714019775390625,0.3039738443951712,1532,False,14295247,LakePond,30117,1m
0.0,0.0,1,True,11458920,LakePond,9547,1m
1.76898193359375,0.07564427023221341,585,False,11457394,LakePond,37330,1m
1.1710205078125,0.17637618990053694,909,False,11468114,LakePond,19610,1m
2.52801513671875,0.07500964030585874,528,False,14157452,LakePond,47391,1m
0.0,0.0,1,True,11497708,LakePond,394654,1m
0.02996826171875,0.00018363702964084336,7,False,11455330,LakePond,58105,1m
2.821990966796875,0.5538520682153678,2585,False,14290571,LakePond,29223,1m
4.316009521484375,0.226530293995317,2654,False,14275428,LakePond,656778,1m
2.61199951171875,0.4871537129903721,2330,False,14275966,LakePond,41150,1m
1.114013671875,0.2580341742387092,983,False,11462074,LakePond,35783,1m
0.0,0.0,1,True,14297577,LakePond,79688,1m
1.420013427734375,0.370441044255268,1240,False,14291413,LakePond,8371,1m
2.8590087890625,0.26292377858407917,2406,False,14267088,LakePond,328504,1m
2.227020263671875,0.2653751795215718,2103,False,14158432,LakePond,161252,1m
0.0,0.0,1,True,14680382,LakePond,38733,1m
0.0,0.0,1,True,14682888,LakePond,75422,1m
0.391998291015625,0.022699656823836893,193,False,14434073,LakePond,19636,1m
0.0,0.0,1,True,14267334,LakePond,69144,1m
4.21600341796875,0.4424349086203118,2642,False,14683952,LakePond,44196,1m
2.0419921875,0.3224310199348628,1348,False,11494600,LakePond,19040,1m
0.576019287109375,0.08163138147274913,479,False,14826019,LakePond,9536,1m
4.26995849609375,0.4694323102759823,3564,False,21540766,LakePond,214979,1m
1.27099609375,0.28196004654321616,1111,False,6674730,LakePond,26499,1m
2.334991455078125,0.3187816272119807,1420,False,14286631,LakePond,24325,1m
2.13800048828125,0.09718195016489548,567,False,14157642,LakePond,35024,1m
3.944000244140625,0.6565762070503728,2992,False,14172079,LakePond,22014,1m
2.13299560546875,0.19345854433728318,837,False,14414181,LakePond,9241,1m
1.498016357421875,0.30989403007330363,1345,False,14289595,LakePond,13493,1m
3.447021484375,0.472019496696516,1650,False,11496402,LakePond,24467,1m
0.676025390625,0.05229057958795024,420,False,14825823,LakePond,31104,1m
0.71600341796875,0.06617131241574331,492,False,21536132,LakePond,130963,1m
1.842010498046875,0.28007414272483616,1581,False,12568250,LakePond,44697,1m
1.32598876953125,0.15009659876070403,879,False,14297761,LakePond,33349,1m
0.62799072265625,0.10360450021479659,510,False,14298095,LakePond,3376,1m
0.0,0.0,1,True,14275786,LakePond,85973,1m
6.4100341796875,1.0513839696521337,2362,False,21540984,LakePond,18308,1m
1.60498046875,0.30498007828388934,1458,False,12572832,LakePond,31809,1m
2.571990966796875,0.42426873117498426,2029,False,14289657,LakePond,17160,1m
0.86700439453125,0.1325501696261885,719,False,14825811,LakePond,11155,1m
0.0,0.0,1,True,14293465,LakePond,48791,1m
0.46405029296875,0.05408211383856574,370,False,14685204,LakePond,36825,1m
6.30999755859375,0.36277168624122164,1264,False,14169159,LakePond,62273,1m
0.204010009765625,0.004144920584511916,25,False,14297243,LakePond,18909,1m
2.037017822265625,0.3348773008348251,1621,False,14297969,LakePond,17671,1m
2.26397705078125,0.4993007012461271,2075,False,11495492,LakePond,27806,1m
3.17498779296875,0.42326944768984215,2846,False,21541530,LakePond,180542,1m
3.69500732421875,0.5918648236137196,2973,False,14426684,LakePond,102473,1m
1.222991943359375,0.2097505396618675,1015,False,14289029,LakePond,12210,1m
0.0,0.0,1,True,11468380,LakePond,19708,1m
5.97198486328125,0.4046750346183475,2044,False,14679424,LakePond,70900,1m
0.0,0.0,1,True,11495190,LakePond,196961,1m
0.0,0.0,1,True,14517849,LakePond,37633,1m
1.410003662109375,0.14782566952764853,1227,False,14413601,LakePond,57747,1m
0.08599853515625,0.00047067846432110173,4,False,14300259,LakePond,70628,1m
4.677978515625,0.610038367967092,2238,False,12572518,LakePond,39705,1m
0.0,0.0,1,True,14299093,LakePond,20338,1m
3.65301513671875,0.45077787458457264,2200,False,11462098,LakePond,22246,1m
0.553009033203125,0.08000811075397245,456,False,14432957,LakePond,18067,1m
1.286956787109375,0.24375101845814182,1148,False,167245737,LakePond,124511,1m
1.180999755859375,0.019601227061006126,379,False,14275928,LakePond,241300,1m
0.509002685546875,0.11162541887722215,479,False,14413781,LakePond,12963,1m
1.406005859375,0.18632757702536587,1029,False,21536126,LakePond,28714,1m
1.56097412109375,0.2695629576209531,1277,False,14413425,LakePond,17626,1m
1.1820068359375,0.23165878038397208,1053,False,14826561,LakePond,15822,1m
4.8800048828125,0.3875027239379007,3511,False,14253269,LakePond,254645,1m
1.6190185546875,0.24384694904274085,1299,False,14680716,LakePond,22798,1m
1.8389892578125,0.2728376644394419,1250,False,14413597,LakePond,13961,1m
0.0,0.0,1,True,11455288,LakePond,126107,1m
1.37298583984375,0.26577948942499857,1311,False,14182028,LakePond,62290,1m
2.42999267578125,0.24239111267325134,1781,False,21535930,LakePond,70693,1m
0.305999755859375,0.056792434504354,286,False,14413855,LakePond,15204,1m
0.68798828125,0.05021084631298939,499,False,11436887,LakePond,35653,1m
1.333984375,0.2127048217659325,1125,False,14826639,LakePond,34586,1m
0.0,0.0,1,True,14275566,LakePond,11376,1m
2.281005859375,0.5594434745243929,1607,False,14280008,LakePond,3906,1m
0.720977783203125,0.11320671061627377,631,False,14297989,LakePond,20183,1m
1.4940185546875,0.24579798002083622,984,False,14681098,LakePond,10553,1m
1.19500732421875,0.23367670140036662,976,False,14432627,LakePond,14150,1m
2.15301513671875,0.16699265546710773,826,False,14048885,LakePond,24937,1m
0.0,0.0,1,True,11494956,LakePond,29850,1m
0.245025634765625,0.02563999291261763,171,False,14291071,LakePond,13703,1m
0.0269775390625,0.0001611700270880037,4,False,11497526,LakePond,54797,1m
1.406005859375,0.34124554253942274,1326,False,14414127,LakePond,15047,1m
0.0,0.0,1,True,14269432,LakePond,18943,1m
0.0,0.0,1,True,14826245,LakePond,6679,1m
0.0,0.0,1,True,11504076,LakePond,51485,1m
2.01702880859375,0.26252804521875667,1342,False,11455956,LakePond,84781,1m
1.029998779296875,0.05864672374102533,307,False,14174629,LakePond,35661,1m
2.239013671875,0.44770179567533186,1950,False,14174469,LakePond,29646,1m
3.79498291015625,0.48139392018640625,2318,False,14413465,LakePond,21200,1m
1.114990234375,0.22795575518748298,920,False,11467716,LakePond,27527,1m
2.016998291015625,0.19783568852132655,1165,False,14277902,LakePond,33857,1m
5.40399169921875,0.584738882551516,4300,False,14157714,LakePond,229657,1m
1.7800140380859375,0.32998958987222327,1159,False,7076614,LakePond,11202,1m
0.8759765625,0.042915497303542584,193,False,11456928,LakePond,22389,1m
1.66302490234375,0.06359863061338032,753,False,11494826,LakePond,117613,1m
1.05999755859375,0.1336378959301244,837,False,14286389,LakePond,21620,1m
0.4100341796875,0.0011414241258816077,9,False,167245750,LakePond,364936,1m
0.259002685546875,0.028758315877023162,228,False,6675278,LakePond,20090,1m
1.696990966796875,0.32703202288835587,1373,False,14425376,LakePond,15287,1m
0.0,0.0,1,True,11500654,LakePond,24344,1m
1.83001708984375,0.39758606934744134,1523,False,14290579,LakePond,8328,1m
2.30902099609375,0.1079670212069451,629,False,14684326,LakePond,37033,1m
1.176025390625,0.23717272506374157,1000,False,14433407,LakePond,10044,1m
1.02398681640625,0.15011084624052706,746,False,14827273,LakePond,10225,1m
0.5159912109375,0.08501443115068746,366,False,14294897,LakePond,2355,1m
2.322998046875,0.30770211984149665,1605,False,14296935,LakePond,41936,1m
0.0,0.0,1,True,14267234,LakePond,18014,1m
2.08697509765625,0.39428266460036615,1616,False,14414449,LakePond,19569,1m
0.602996826171875,0.07747911611331007,516,False,11460516,LakePond,12697,1m
2.730987548828125,0.5729264021204197,2310,False,14291607,LakePond,13179,1m
3.00299072265625,0.24850166340976607,1646,False,11436935,LakePond,49218,1m
1.05499267578125,0.14110759857721306,834,False,14425292,LakePond,13026,1m
4.541015625,0.5041289910832729,3212,False,14174489,LakePond,101186,1m
1.845001220703125,0.16769899419058262,1154,False,14274010,LakePond,35037,1m
0.89599609375,0.11927067781626753,840,False,11459826,LakePond,60563,1m
0.902984619140625,0.15009552699751663,736,False,14291411,LakePond,14903,1m
0.635009765625,0.0792125469849784,455,False,14825481,LakePond,8937,1m
1.162994384765625,0.1862810056951938,1043,False,14174325,LakePond,29327,1m
1.652984619140625,0.38131763998838364,1564,False,14289691,LakePond,12941,1m
1.00799560546875,0.18913745901012052,926,False,6673206,LakePond,22702,1m
2.20404052734375,0.3250445011540391,1659,False,14667181,LakePond,26320,1m
0.660003662109375,0.07565200471742294,393,False,7076612,LakePond,63111,1m
0.4000244140625,0.0066905210096424965,98,False,11465314,LakePond,39297,1m
2.2559814453125,0.08841134494993536,810,False,21535576,LakePond,127377,1m
1.41400146484375,0.29755044405721426,1222,False,14276076,LakePond,12376,1m
1.677978515625,0.26348575300148336,1218,False,14293099,LakePond,24184,1m
1.48101806640625,0.03439077413698249,262,False,14679546,LakePond,95185,1m
0.441009521484375,0.02356255548146523,256,False,14174517,LakePond,28168,1m
3.33001708984375,0.5282998916564425,2382,False,14289303,LakePond,13846,1m
0.483001708984375,0.07689694667621869,410,False,14826321,LakePond,6826,1m
3.91400146484375,0.34287854205252705,2414,False,12570780,LakePond,147316,1m
5.9539794921875,1.1520580508174432,3882,False,11462078,LakePond,33230,1m
2.58099365234375,0.36996805951828626,1922,False,14275274,LakePond,37674,1m
1.80596923828125,0.19436678859127163,625,False,14745398,LakePond,13404,1m
0.1820068359375,0.005990240107329926,151,False,14745606,LakePond,77758,1m
0.595001220703125,0.08985200780031072,522,False,14295375,LakePond,7824,1m
0.69000244140625,0.215238371071818,675,False,14158244,LakePond,32303,1m
0.733001708984375,0.11286412971317196,638,False,14289915,LakePond,31396,1m
1.177978515625,0.16548754168903093,937,False,14296063,LakePond,29890,1m
3.31298828125,0.6105853083388139,3073,False,14160776,LakePond,164243,1m
1.083984375,0.19054918044228997,918,False,14291929,LakePond,11829,1m
0.0,0.0,1,True,14297847,LakePond,65166,1m
4.09197998046875,0.14539528580743122,1229,False,14155684,LakePond,105166,1m
1.27801513671875,0.16421785727066626,971,False,14174179,LakePond,182562,1m
0.1080322265625,0.0022513737854584974,32,False,14745314,LakePond,14662,1m
0.12896728515625,0.0013825434392532158,9,False,14745968,LakePond,18836,1m
0.072998046875,0.0018882314826872413,15,False,6675220,LakePond,6280,1m
1.206024169921875,0.15044684343424813,1000,False,11459780,LakePond,42217,1m
2.87103271484375,0.30364288505995785,1793,False,14683058,LakePond,45205,1m
1.8740234375,0.363518150689371,1679,False,14143133,LakePond,34115,1m
1.295013427734375,0.13948968865572095,938,False,11461670,LakePond,34346,1m
1.073974609375,0.009080614348035589,25,False,14684650,LakePond,54101,1m
1.519012451171875,0.288441549372556,1182,False,14826377,LakePond,5857,1m
1.037994384765625,0.18847301476302317,914,False,14286417,LakePond,56246,1m
1.2760009765625,0.2185249842618085,1187,False,14412903,LakePond,49920,1m
1.751007080078125,0.18068790046715907,1318,False,14290165,LakePond,56025,1m
0.49298095703125,0.02153306379794884,184,False,14666251,LakePond,30414,1m
1.589019775390625,0.27498023795098897,1427,False,14253283,LakePond,18146,1m
0.9019775390625,0.07475217033788299,529,False,11458868,LakePond,13320,1m
2.3380126953125,0.13460680234761124,868,False,21541280,LakePond,67655,1m
0.641021728515625,0.07690464525654754,516,False,11458792,LakePond,69953,1m
0.0,0.0,1,True,14297741,LakePond,12773,1m
3.071044921875,0.49426881363859715,2988,False,14048241,LakePond,300588,1m
2.7449951171875,0.5258751723514824,2303,False,14291557,LakePond,36292,1m
0.468017578125,0.05473816939644568,321,False,14826577,LakePond,24198,1m
7.0260009765625,0.791400218258395,2769,False,14683584,LakePond,41235,1m
2.052978515625,0.07059043308762385,489,False,14679586,LakePond,41149,1m
0.8280029296875,0.019387187818610555,182,False,14677966,LakePond,62209,1m
5.27996826171875,0.8601512939552759,4458,False,14684668,LakePond,108169,1m
0.0,0.0,1,True,14680516,LakePond,24350,1m
2.406005859375,0.29840640210999636,2155,False,14684490,LakePond,47592,1m
3.0989990234375,0.493894526017374,1792,False,11497258,LakePond,14241,1m
1.053985595703125,0.20786781299747806,920,False,14297731,LakePond,14160,1m
0.725982666015625,0.07479824760734433,465,False,14251501,LakePond,21075,1m
1.86700439453125,0.2989822615739731,1478,False,12570106,LakePond,27908,1m
2.197998046875,0.1525736542675903,1116,False,14276676,LakePond,46185,1m
1.43499755859375,0.29529102755537406,1261,False,14289267,LakePond,10468,1m
0.90301513671875,0.11490823720751402,758,False,14665841,LakePond,61033,1m
0.88299560546875,0.12689246869834567,584,False,14291603,LakePond,10847,1m
0.628997802734375,0.07147017023089224,437,False,11460308,LakePond,10800,1m
3.4630126953125,0.41159362062937066,2607,False,14684976,LakePond,88015,1m
3.26995849609375,0.18255187780053206,679,False,11457506,LakePond,56482,1m
0.66400146484375,0.009428720512401925,391,False,14172103,LakePond,691177,1m
1.425994873046875,0.1879399844477843,1085,False,14413107,LakePond,23239,1m
1.7249755859375,0.3315821246991396,1516,False,14156150,LakePond,31525,1m
2.0989990234375,0.0958974661295291,311,False,14048457,LakePond,43201,1m
1.97601318359375,0.10983580995886782,902,False,21540986,LakePond,122471,1m
0.894989013671875,0.15830557631727665,802,False,14292535,LakePond,11238,1m
2.948028564453125,0.31384474817155195,1327,False,14275292,LakePond,22819,1m
5.540985107421875,0.09691565026495001,1192,False,6675300,LakePond,1148606,1m
1.680999755859375,0.17415560596972637,694,False,14827219,LakePond,6116,1m
6.73199462890625,1.172888368722626,3313,False,11494912,LakePond,29882,1m
0.404022216796875,0.02612010417000975,154,False,14296555,LakePond,13290,1m
0.5789794921875,0.07566122909549108,467,False,14297109,LakePond,14666,1m
0.699005126953125,0.07473618736777471,575,False,14267146,LakePond,53378,1m
1.6400146484375,0.33856809147675143,1543,False,12572430,LakePond,17870,1m
0.881011962890625,0.11378972292427195,628,False,11467642,LakePond,18998,1m
0.61199951171875,0.04756367653118207,463,False,14268478,LakePond,54220,1m
1.85699462890625,0.1431715796692953,1487,False,11439519,LakePond,176314,1m
2.602996826171875,0.4446361367709417,2167,False,14289733,LakePond,24567,1m
1.2659912109375,0.14029589707796505,948,False,14048841,LakePond,27390,1m
2.83599853515625,0.19736462856636472,1519,False,14520271,LakePond,84235,1m
1.316986083984375,0.24501855987618698,1104,False,14288459,LakePond,25844,1m
0.0,0.0,1,True,14679220,LakePond,39246,1m
1.3349609375,0.13370557106194966,671,False,14295839,LakePond,8040,1m
2.623046875,0.1976173943586846,1200,False,21541348,LakePond,48897,1m
2.10699462890625,0.17290277897224254,1586,False,11498298,LakePond,108367,1m
0.072021484375,0.0005287448553158935,3,False,11461072,LakePond,21771,1m
2.4010009765625,0.514500587498652,1966,False,11462224,LakePond,30567,1m
0.0,0.0,1,True,14293045,LakePond,226966,1m
0.727996826171875,0.13390772721468733,649,False,14296785,LakePond,14069,1m
1.819000244140625,0.20908691364644474,1247,False,11462400,LakePond,26145,1m
0.694000244140625,0.10483412360552569,579,False,14253363,LakePond,8229,1m
1.14801025390625,0.06580738006337489,830,False,11452896,LakePond,175418,1m
4.46099853515625,0.4767088032847424,2477,False,11457896,LakePond,41456,1m
1.998992919921875,0.3579684720809596,1803,False,167245680,LakePond,74483,1m
0.0,0.0,1,True,14685090,LakePond,123675,1m
4.3790283203125,0.6360874444881486,2558,False,14279334,LakePond,20868,1m
0.75,0.07837753922725169,363,False,11458536,LakePond,8209,1m
1.97198486328125,0.3643076158418271,1864,False,14291923,LakePond,59585,1m
0.454010009765625,0.06846813018209033,393,False,14252471,LakePond,7932,1m
1.64898681640625,0.08885349759688214,837,False,12571496,LakePond,64531,1m
0.4849853515625,0.013283795862051178,247,False,14276998,LakePond,91457,1m
0.829986572265625,0.1515149292330909,765,False,14156282,LakePond,27420,1m
4.802978515625,0.5695604036274002,2196,False,14155380,LakePond,50401,1m
5.63201904296875,0.8270731849112171,3103,False,11495836,LakePond,28708,1m
0.96099853515625,0.12466776432800371,828,False,14492864,LakePond,189086,1m
0.57000732421875,0.061647870730621245,365,False,14826353,LakePond,15272,1m
2.57196044921875,0.41701512307207,1723,False,14677982,LakePond,20228,1m
2.1829833984375,0.37104037108621374,1950,False,14286381,LakePond,43111,1m
0.0,0.0,1,True,11461396,LakePond,13431,1m
1.1719970703125,0.20538171232729335,1099,False,14828357,LakePond,38599,1m
6.92803955078125,1.7083551141763758,4792,False,14678048,LakePond,29471,1m
2.27001953125,0.477940830532412,1929,False,14299155,LakePond,11132,1m
3.05999755859375,0.2955049711137803,1197,False,14680722,LakePond,43113,1m
1.0269775390625,0.16974422906122089,952,False,14268544,LakePond,32224,1m
5.767974853515625,0.7756603923696158,4861,False,11494864,LakePond,202715,1m
1.0570068359375,0.1288483918010607,955,False,14425228,LakePond,72133,1m
0.96002197265625,0.05311937557919934,552,False,11465378,LakePond,67166,1m
2.990966796875,0.3151629062084047,1626,False,11456152,LakePond,44517,1m
6.280029296875,0.6126927107523688,4739,False,168414027,LakePond,214741,1m
1.94903564453125,0.34296090443520794,1583,False,11494812,LakePond,18429,1m
1.55999755859375,0.42405712991156347,1506,False,14273886,LakePond,22467,1m
7.64801025390625,1.2738496588960555,4346,False,11455070,LakePond,42894,1m
4.3890380859375,0.4686147775383212,1964,False,21535282,LakePond,34281,1m
0.968017578125,0.20211906719371334,846,False,14292527,LakePond,14088,1m
2.60400390625,0.2726761094444227,1632,False,14747726,LakePond,29511,1m
1.11102294921875,0.058657849464200496,390,False,14183354,LakePond,22433,1m
3.652008056640625,0.4216554236309407,2177,False,14174901,LakePond,45900,1m
0.67401123046875,0.010423897523628841,303,False,14300415,LakePond,267697,1m
0.0,0.0,1,True,14747692,LakePond,10553,1m
0.7449951171875,0.038259678071219855,262,False,14747872,LakePond,29064,1m
0.65899658203125,0.08464292886833445,474,False,7076712,LakePond,11509,1m
0.0,0.0,1,True,11497918,LakePond,122177,1m
0.4000244140625,0.04328225595989569,279,False,11460374,LakePond,11558,1m
3.010009765625,0.5853143057629209,2264,False,21535768,LakePond,24139,1m
1.423004150390625,0.27893477144218665,1191,False,11440393,LakePond,12101,1m
1.94000244140625,0.2965392210477163,1362,False,11465322,LakePond,20716,1m
0.95098876953125,0.14250305696519944,821,False,11462146,LakePond,23253,1m
1.5469970703125,0.29005063405995835,1275,False,12570372,LakePond,19826,1m
0.0,0.0,1,True,21540948,LakePond,57750,1m
2.40496826171875,0.10521975232408227,583,False,14745868,LakePond,28885,1m
2.20404052734375,0.47343303479975996,1880,False,14276810,LakePond,40560,1m
0.363006591796875,0.019462458951620687,245,False,14824807,LakePond,37491,1m
3.55401611328125,0.3800832730342949,2846,False,14273880,Playa,203800,1m
1.681976318359375,0.24381466660011972,1656,False,120050297,Reservoir,931314,1m
5.77099609375,1.0140648793318152,3348,False,21529480,Reservoir,16119,1m
1.43701171875,0.1763563309594834,1006,False,120050323,Reservoir,31337,1m
5.384979248046875,0.9459496675246712,4849,False,120050354,Reservoir,216983,1m
3.82000732421875,0.7087409136993787,2805,False,14412171,Reservoir,22354,1m
2.805999755859375,0.6306669447619716,2552,False,120050348,Reservoir,140323,1m
0.51800537109375,0.07526855164946786,446,False,14425906,Reservoir,19812,1m
2.79998779296875,0.32653492091014885,2087,False,14824981,Reservoir,43359,1m
11.582000732421875,2.690770860575187,11260,False,120050292,Reservoir,669231,1m
3.62799072265625,0.2865887458275962,1237,False,14439782,Reservoir,11531,1m
2.769012451171875,0.448694876228841,1986,False,120050317,Reservoir,20777,1m
6.67999267578125,0.9440274682221659,4173,False,14300017,Reservoir,35043,1m
1.808013916015625,0.21812037465300624,1700,False,120050353,Reservoir,404102,1m
5.376953125,0.6767708954708961,4371,False,120050286,Reservoir,231956,1m
1.84002685546875,0.3043433172844034,1604,False,14412165,Reservoir,27787,1m
0.0,0.0,1,True,14439714,Reservoir,503398,1m
1.88201904296875,0.2834292019081865,1218,False,14746168,Reservoir,38227,1m
2.5469970703125,0.23686712547113895,1227,False,14828503,Reservoir,46487,1m
1.816986083984375,0.19766775558575125,1160,False,14439770,Reservoir,23100,1m
2.04998779296875,0.34714112583236223,1350,False,120050367,Reservoir,15414,1m
19.666015625,3.20397633946759,19377,False,120050249,Reservoir,1188038,1m
1.959991455078125,0.5701636018199768,1421,False,120050316,Reservoir,31033,1m
2.02001953125,0.3626538226826951,1667,False,14439778,Reservoir,15879,1m
1.173004150390625,0.19478342129039788,686,False,14425984,Reservoir,11908,1m
2.5770263671875,0.3697110259426436,2479,False,120050335,Reservoir,561302,1m
1.6190185546875,0.3094443790627223,1222,False,14432223,Reservoir,22566,1m
5.8280029296875,0.7767307028693289,4084,False,120050285,Reservoir,60589,1m
0.68096923828125,0.04611461487441274,348,False,14745082,Reservoir,28876,1m
0.0,0.0,1,True,14439712,Reservoir,505176,1m
2.243988037109375,0.3239225142468218,2073,False,14827981,Reservoir,145997,1m
4.11199951171875,0.5893543424080451,3020,False,21532200,Reservoir,59035,1m
2.589996337890625,0.49277019230557845,2511,False,120050296,Reservoir,214074,1m
2.0360107421875,0.404684252666125,1860,False,120050339,Reservoir,65071,1m
2.592987060546875,0.5315864411544244,2443,False,14300071,Reservoir,76446,1m
3.05499267578125,0.46109855196109456,2392,False,120050337,Reservoir,45464,1m
1.295989990234375,0.12099548531282833,733,False,14825007,Reservoir,39062,1m
2.968994140625,0.5368472986964514,2511,False,14828467,Reservoir,36798,1m
3.178985595703125,0.7651040525361622,2872,False,14824859,Reservoir,48905,1m
1.941986083984375,0.2270917558190861,1387,False,14412317,Reservoir,41295,1m
5.08697509765625,0.7044379943143523,3122,False,6690541,Reservoir,67219,1m
7.19500732421875,1.3627627374554887,5214,False,21529488,Reservoir,21223,1m
2.35699462890625,0.3277465535119232,2266,False,120050340,Reservoir,193609,1m
2.427978515625,0.24485928461452275,1966,False,21529500,Reservoir,182438,1m
1.54901123046875,0.11781302605192198,530,False,14745084,Reservoir,14156,1m
1.1669921875,0.18701895620602407,713,False,14439768,Reservoir,22610,1m
1.376007080078125,0.2586691099722698,808,False,14293183,Reservoir,15021,1m
0.0,0.0,1,True,14746998,Reservoir,17919,1m
0.8070068359375,0.009224456548878473,47,False,14439078,Reservoir,90368,1m
2.36199951171875,0.581077301638969,1484,False,14438654,Reservoir,7225,1m
2.574005126953125,0.43129571731787186,2121,False,120050299,Reservoir,23296,1m
3.212005615234375,0.32735955683132256,2445,False,14827209,Reservoir,87333,1m
2.91998291015625,0.38973760796100737,2113,False,120050358,Reservoir,57033,1m
5.52099609375,1.3758034906765277,5046,False,120050359,Reservoir,188389,1m
1.68701171875,0.19660769305096476,1570,False,14439696,Reservoir,358167,1m
4.0159912109375,0.44425254286570015,2772,False,120050284,Reservoir,64850,1m
0.91998291015625,0.09086844890316961,672,False,120050361,Reservoir,55580,1m
1.87200927734375,0.3422560338558535,1160,False,14825351,Reservoir,16889,1m
3.02899169921875,0.40618679124313817,2464,False,120050336,Reservoir,318581,1m
1.76202392578125,0.24077454956014863,1505,False,120050355,Reservoir,90899,1m
1.871002197265625,0.42182753181161714,1708,False,120050352,Reservoir,108783,1m
2.917999267578125,0.3960355132245785,1593,False,14438772,Reservoir,165443,1m
2.878021240234375,0.4043603357378586,1698,False,14746976,Reservoir,50699,1m
2.496978759765625,0.09633334063316856,1085,False,120050362,Reservoir,108555,1m
4.76800537109375,0.5517254467240877,4370,False,14825657,Reservoir,165422,1m
0.0,0.0,1,True,120050301,Reservoir,41154,1m
1.2559814453125,0.3460612518411647,1127,False,120050366,Reservoir,14694,1m
1.592010498046875,0.04122811711431456,380,False,14824977,Reservoir,76423,1m
2.363006591796875,0.169503581697527,604,False,14439080,Reservoir,24488,1m
4.89300537109375,0.2377564363531523,2991,False,14825685,Reservoir,512938,1m
2.730010986328125,0.42906468315568363,1495,False,14293181,Reservoir,16298,1m
2.8900146484375,0.7495357511429211,2187,False,14438824,Reservoir,13686,1m
3.107025146484375,0.3062811442315831,2298,False,14300061,Reservoir,84568,1m
0.0,0.0,1,True,14425888,Reservoir,33937,1m
0.0,0.0,1,True,14824733,Reservoir,25495,1m
1.3909912109375,0.05652058087381368,536,False,14425884,Reservoir,85747,1m
2.123992919921875,0.1571625208878701,1200,False,14827049,Reservoir,36935,1m
3.123016357421875,0.6087975895162787,2586,False,120050325,Reservoir,29226,1m
3.9229888916015625,0.6099728943072238,3348,False,14425938,Reservoir,51832,1m
0.64599609375,0.09175068195076938,530,False,14425908,Reservoir,23529,1m
3.9169921875,1.0141067338724008,3740,False,120050303,Reservoir,619152,1m
2.47601318359375,0.577320611952998,1792,False,14438670,Reservoir,32593,1m
12.533004760742188,2.9098723581880135,12271,False,120050307,Reservoir,594916,1m
2.51300048828125,0.3544976278863019,2222,False,14825011,Reservoir,50938,1m
1.061004638671875,0.05702271318422542,577,False,14425886,Reservoir,31349,1m
3.772003173828125,0.6402698636341377,2733,False,120050314,Reservoir,20853,1m
1.2490234375,0.16788774326363817,464,False,14438662,Reservoir,11731,1m
3.30999755859375,0.7545804879524807,3097,False,21529538,Reservoir,52201,1m
1.319000244140625,0.012741518390580875,138,False,14439724,Reservoir,497055,1m
6.42901611328125,0.11106176797781436,977,False,14439722,Reservoir,710191,1m
1.572998046875,0.3111008450857956,896,False,14439028,Reservoir,6455,1m
2.80499267578125,0.741298774251871,2539,False,120050287,Reservoir,29139,1m
1.493988037109375,0.30700662492057484,1313,False,14439790,Reservoir,39519,1m
14.0469970703125,3.3846474023776825,12841,False,14144185,Reservoir,113789,1m
4.47100830078125,0.645732930094736,3849,False,120050294,Reservoir,591748,1m
2.4329833984375,0.4413548979273139,2380,False,21529502,Reservoir,350315,1m
5.988983154296875,1.0088718432229353,5143,False,120050324,Reservoir,179204,1m
1.5830078125,0.22774963605050766,1032,False,14432187,Reservoir,38378,1m
3.053985595703125,0.6085047363494718,2113,False,14824983,Reservoir,12828,1m
1.785980224609375,0.5066540541915269,1494,False,120050346,Reservoir,17704,1m
0.917022705078125,0.13431349617303953,246,False,14439030,Reservoir,9469,1m
1.3590087890625,0.11311540344501066,162,False,14425934,Reservoir,7817,1m
3.50604248046875,0.4311700171276868,2210,False,14412169,Reservoir,28918,1m
5.760009765625,1.460694435430452,4712,False,120050306,Reservoir,22186,1m
1.0999755859375,0.14914487837188337,896,False,120050364,Reservoir,32834,1m
2.9720001220703125,0.25403631008290567,2852,False,14439706,Reservoir,923127,1m
0.0,0.0,1,True,14425932,Reservoir,15681,1m
0.970001220703125,0.11264168921769155,216,False,14438664,Reservoir,7771,1m
4.04998779296875,0.8339625370943515,3928,False,21529506,Reservoir,195369,1m
2.608978271484375,0.4157366453998569,2380,False,14300039,Reservoir,170524,1m
0.38800048828125,0.004128475815520954,110,False,14825701,Reservoir,245842,1m
3.666015625,0.5947657741700322,3494,False,14300065,Reservoir,139607,1m
11.1719970703125,1.6529021063930172,3771,False,21529496,Reservoir,22992,1m
1.5250244140625,0.29586772922803817,1404,False,14439780,Reservoir,13084,1m
1.0830078125,0.16387437559237464,979,False,14438782,Reservoir,63682,1m
4.792999267578125,0.7608153624016564,4058,False,14425936,Reservoir,39658,1m
1.63104248046875,0.3966723901179077,583,False,21527796,Reservoir,6586,1m
2.154022216796875,0.20289608641445264,1239,False,120050357,Reservoir,64530,1m
0.43499755859375,0.08031551899301131,320,False,14439802,Reservoir,3400,1m
1.8280029296875,0.39073981612642866,1112,False,14438656,Reservoir,5407,1m
2.6259765625,0.4235314390194199,1909,False,120050322,Reservoir,61416,1m
5.75701904296875,0.8136399439616785,5227,False,120050333,Reservoir,513151,1m
1.998992919921875,0.4401554444707392,1918,False,120050342,Reservoir,69173,1m
5.7769927978515625,0.40095367889771166,2534,False,120050291,Reservoir,475322,1m
1.196990966796875,0.12685639109159438,1090,False,14824979,Reservoir,67938,1m
2.152008056640625,0.5108628885668155,1538,False,14412313,Reservoir,37779,1m
16.595001220703125,3.852332034675381,15738,False,120050334,Reservoir,450380,1m
2.303009033203125,0.03460998921399909,39,False,14439760,Reservoir,50165,1m
0.399993896484375,0.03618429959570982,178,False,14439800,Reservoir,7926,1m
0.858001708984375,0.09238629149946699,505,False,14432185,Reservoir,35478,1m
4.7140045166015625,0.832238638167607,3692,False,120050304,Reservoir,37567,1m
