# Hollister/lakeMorpho terrain-slope max-depth prototype over an ND LakePond sample (issue #173 Task 6). Project=ND_3DEPProcessing_D22. n_sampled=300, n_usable=300. max_depth_m = lake_max_depth() (mean shoreline-ring slope x max in-polygon distance-to-shore, over the polygon interior via _interior_mask). mean_depth_m = max_to_mean(max_depth_m, shape='cone') = max_depth_m / 3 -- documented assumption (V/A of a cone), NOT field-calibrated in this spike; no bathymetry survey was available to fit the factor empirically. Cross-check: NHM's calibrated dprst_depth_avg median is ~49 in (docs/superpowers/... nhm_dprst_params_are_calibrated) -- compare against mean_depth_in below, but this spike does not block on matching it.
COMID,FTYPE,area_km2,max_depth_m,mean_depth_m,mean_depth_in,n_interior_cells,resolution
11457938,LakePond,0.4365153200896083,0.7045175175083187,0.2348391725027729,9.245641705351419,437709,1m
14684968,LakePond,0.1273469471361114,0.0,0.0,0.0,127249,1m
21535078,LakePond,0.042229644518889914,3.710883152935483,1.2369610509784943,48.699280273128416,42178,1m
14276592,LakePond,0.3652757899608583,0.0,0.0,0.0,368412,1m
11467840,LakePond,0.02117689526436548,0.5652826902750318,0.18842756342501057,7.418412014799009,21166,1m
14174627,LakePond,0.849506055373,33.28528818583031,11.095096061943437,436.8150414683193,848488,1m
14291363,LakePond,0.024830183849097767,1.8600224751432735,0.6200074917144245,24.409756949546065,24807,1m
11461410,LakePond,0.09471743155580999,3.026508791760577,1.0088362639201922,39.71798459416436,94659,1m
6675138,LakePond,0.021795591137815543,1.8941862656078012,0.631395421869267,24.85810089853523,21788,1m
11455336,LakePond,0.07354894151569304,5.124538135384817,1.7081793784616057,67.25119294797126,73834,1m
12567848,LakePond,0.06500008751703178,1.4911725208627384,0.4970575069542461,19.569203754539366,64350,1m
14293085,LakePond,0.03425001455676424,3.1500147265816465,1.0500049088605488,41.33879826233069,34212,1m
11440251,LakePond,0.02253303537552682,3.2050666465446707,1.0683555488482235,42.06126479370944,22518,1m
14413331,LakePond,0.13479793828954081,6.11539825353285,2.03846608451095,80.25461359380455,134681,1m
14155468,LakePond,0.024426476447600355,6.065274841811109,2.021758280603703,79.59682568319586,24389,1m
14155170,LakePond,1.0910377013665398,6.193392632217401,2.0644642107391338,81.27816242322078,1089196,1m
11497182,LakePond,0.021971002160396116,2.288210618958688,0.7627368729862294,30.02902696315515,22084,1m
21534822,LakePond,0.03960750259098416,7.225188499916962,2.4083961666389873,94.81879792019359,39107,1m
14150904,LakePond,0.10346131019115858,6.5010173275571255,2.167005775852375,85.31523409588559,103303,1m
14432299,LakePond,0.04615111571601431,2.5197216685782218,0.8399072228594072,33.06723135469715,46140,1m
14290055,LakePond,0.020329307716462318,1.5885438044175313,0.5295146014725104,20.847042811432882,20314,1m
14747082,LakePond,0.014892089666523715,5.5662129427352385,1.8554043142450793,73.0474533922602,14879,1m
12572900,LakePond,0.03149333750956745,2.646443387769643,0.8821477959232144,34.730246940276544,31254,1m
7076640,LakePond,0.025227401124963314,1.3150023968343874,0.4383341322781291,17.25725862120317,25239,1m
14584049,LakePond,0.043557640768043804,3.323259546990934,1.1077531823303113,43.61235356366259,43552,1m
14583955,LakePond,0.019673511472506577,2.16237881116251,0.7207929370541699,28.377690011116375,19678,1m
11496774,LakePond,0.03124828496211824,2.284281895855662,0.761427298618554,29.977468889342333,31222,1m
14685168,LakePond,0.04617605248618837,4.941837627519919,1.6472792091733064,64.853547193074,46138,1m
21532502,LakePond,0.04468085971315252,1.9433656581054792,0.6477885527018263,25.503500098726175,44730,1m
11455482,LakePond,0.04381385579830587,3.1625457681952276,1.0541819227317424,41.50324771614097,43784,1m
11439153,LakePond,0.040055977344476086,0.0,0.0,0.0,40020,1m
14433235,LakePond,0.017367452231856196,0.9069458803639958,0.30231529345466523,11.902183334839515,17396,1m
11460296,LakePond,0.007237543752422835,1.5943322496649397,0.5314440832216465,20.923006700844546,7236,1m
14299935,LakePond,0.035500481144627734,3.646198506957016,1.2153995023190052,47.85039994624947,35462,1m
14291699,LakePond,0.024640517739236117,1.8526040096877978,0.6175346698959325,24.312401707269853,24621,1m
14425368,LakePond,0.01626832589370918,1.820338518109697,0.6067795060365656,23.888969830610193,16266,1m
12568114,LakePond,0.02792569514213053,3.309360552740975,1.1031201842469915,43.42995196582248,27892,1m
14156008,LakePond,0.02615145934592736,6.922309167258754,2.3074363890862513,90.84400138196462,26097,1m
14679162,LakePond,0.02198441695974953,7.466271488316919,2.4887571627723064,97.98261837406199,21963,1m
14828185,LakePond,0.013699548362692895,2.430775848760172,0.8102586162533907,31.899962747757616,13699,1m
14048185,LakePond,0.08333936696557227,4.104956732775183,1.368318910925061,53.87085235501075,83238,1m
11458410,LakePond,0.018079618552714796,2.6073741998001894,0.8691247332667298,34.21752766118448,18069,1m
14413793,LakePond,0.01599315479124206,1.6417593334998053,0.5472531111666017,21.545409711940227,15987,1m
14253247,LakePond,0.15490709528904428,2.4599054907989895,0.8199684969329964,32.28224172110176,155459,1m
14291115,LakePond,0.04761675962727591,2.161763689810721,0.7205878966035737,28.36961754807236,47566,1m
14746182,LakePond,0.03538153770796531,0.0,0.0,0.0,35309,1m
11460478,LakePond,0.010183465727259262,2.443307814612154,0.8144359382040514,32.064424330687324,10174,1m
14824705,LakePond,0.030703418756921317,1.1494524795262018,0.3831508265087339,15.084686354731504,30681,1m
14298827,LakePond,0.024797013216629357,0.8828837505414192,0.2942945835138064,11.58640718239691,24790,1m
14292713,LakePond,0.050058064145541585,1.9916571124633027,0.6638857041544342,26.13724656113049,49991,1m
14297115,LakePond,0.01896770039902249,2.5249579785309573,0.8416526595103191,33.13594937018721,18954,1m
11503614,LakePond,0.014760663638348702,1.1846687401445883,0.3948895800481961,15.546842255455484,14758,1m
21536080,LakePond,0.05395454806074257,1.0650252123700539,0.3550084041233513,13.976716371176753,53890,1m
12570346,LakePond,0.04108986301171485,2.0859004053248644,0.6953001351082881,27.374035849226814,41050,1m
14686232,LakePond,0.03315127342580727,0.0,0.0,0.0,33121,1m
14267306,LakePond,0.2565896837670297,0.0,0.0,0.0,256425,1m
14291807,LakePond,0.014860059130979212,1.5507071642597672,0.5169023880865891,20.35049870920782,14846,1m
14745432,LakePond,0.38210373346662674,0.0,0.0,0.0,381789,1m
14747100,LakePond,0.09447590849525693,0.0,0.0,0.0,94417,1m
11496402,LakePond,0.02448841664643006,4.0246283121203295,1.3415427707067764,52.81667303700286,24467,1m
14275566,LakePond,0.011388287460209543,0.2255956464661152,0.0751985488220384,2.960574386978534,11376,1m
14826607,LakePond,0.005403717904255155,0.8765370195430102,0.2921790065143367,11.503116704370088,5402,1m
14152902,LakePond,0.07941187788224635,3.1613313391909372,1.0537771130636457,41.48731031902704,79294,1m
14286141,LakePond,0.05257084818200135,0.049464471295397584,0.01648815709846586,0.6491403937823108,52526,1m
14747840,LakePond,0.029911310631176972,0.0,0.0,0.0,29881,1m
14174705,LakePond,0.13095951166932446,0.0012384152940913438,0.00041280509803044794,0.016252177989968537,130801,1m
12571742,LakePond,0.027239626409444682,3.621959555694991,1.2073198518983301,47.53230330122245,27210,1m
14291017,LakePond,0.05249182798121143,1.5641400327417905,0.5213800109139302,20.526783167682524,53120,1m
14279802,LakePond,0.046738355674546796,6.027849895373365,2.009283298457788,79.10568438861297,47023,1m
11455676,LakePond,0.04090274297414914,3.6590343883232146,1.2196781294410715,48.01884992390793,40874,1m
14293041,LakePond,0.021739326754611682,2.727291082035902,0.9090970273453007,35.791240876287226,21722,1m
14682844,LakePond,0.16560722648277598,0.0,0.0,0.0,166331,1m
14291939,LakePond,0.0299230592472781,2.9797514452750744,0.9932504817583581,39.104370791874736,29906,1m
14295045,LakePond,0.017822847317964,1.6432359000133336,0.5477453000044445,21.564787235704983,17807,1m
14426718,LakePond,0.011399943967782097,3.6370043544395605,1.2123347848131867,47.729741711573645,11398,1m
14142947,LakePond,0.07613842855155067,2.052715673380024,0.6842385577933412,26.938540444179623,76118,1m
11497148,LakePond,0.03481511388857303,1.3979698525448336,0.4659899508482779,18.346070963891787,35005,1m
14411863,LakePond,0.19577011211277945,6.126812657407453,2.042270885802484,80.40440900113238,192656,1m
14295327,LakePond,0.014991303193813367,1.370583465696604,0.45686115523220133,17.98666936760729,14984,1m
11494980,LakePond,0.051790400106175576,2.188226111157476,0.7294087037191586,28.716893606293645,51386,1m
14274248,LakePond,0.019695213218060753,3.8317232305366375,1.2772410768455458,50.28510891951682,19675,1m
14291029,LakePond,0.014808181875318953,1.6108539496736485,0.5369513165578828,21.1398270280155,14795,1m
6675358,LakePond,0.02078724671706023,0.0,0.0,0.0,20781,1m
11455576,LakePond,0.04899946343086821,2.3662050554049094,0.7887350184683031,31.05257655059894,48946,1m
14826393,LakePond,0.010875043162052272,1.1658183836871088,0.3886061278957029,15.299462115866614,10871,1m
14684684,LakePond,0.019557442752133794,1.8481322155427506,0.6160440718475835,24.253716713046547,19620,1m
14158708,LakePond,0.1714061318510009,0.0,0.0,0.0,171180,1m
14252971,LakePond,0.01644537518491735,0.4963148040698501,0.16543826802328337,6.513321155903469,16442,1m
14159202,LakePond,0.04114774726523814,0.0,0.0,0.0,41088,1m
14297705,LakePond,0.019267493380050092,2.449663347111778,0.8165544490372594,32.147830314041805,19247,1m
14253199,LakePond,0.09181551106032564,0.3828642990852562,0.12762143302841872,5.024468580472148,91783,1m
14155180,LakePond,0.030096928458031375,5.2815322818547425,1.7605107606182475,69.31148469661647,30048,1m
14275238,LakePond,0.032657161674337666,3.204828452390318,1.0682761507967726,42.058138884484016,32625,1m
14289517,LakePond,0.0146350028882658,1.3777421152426643,0.45924737174755476,18.080614950438406,14617,1m
11468204,LakePond,0.015640815943499295,1.216987839131341,0.40566261304378026,15.970977641794933,15639,1m
14286471,LakePond,0.06162866871778352,2.136038473714066,0.7120128245713553,28.032016104656716,61577,1m
14292837,LakePond,0.05017570454153553,1.588493459262473,0.5294978197541577,20.846382113503164,50101,1m
14183740,LakePond,0.12109126049520956,5.156043772635452,1.7186812575451507,67.66465297767834,120915,1m
11459766,LakePond,0.034209601492071334,3.0758464185427514,1.0252821395142504,40.36546036088999,34186,1m
14682796,LakePond,0.038004518519305856,3.4529993498529166,1.1509997832843055,45.31497656788144,37970,1m
14143285,LakePond,0.05719049824056404,1.2279046252184738,0.40930154173949124,16.114242628437943,57169,1m
11456418,LakePond,0.0629366686200811,0.0,0.0,0.0,62918,1m
14289959,LakePond,0.014239342226774131,1.9263771034208679,0.6421257011402892,25.280553066463302,14224,1m
14413455,LakePond,0.008718996214201611,0.8654326757730089,0.28847755859100294,11.357390329483644,8588,1m
11461774,LakePond,0.009341934728963178,2.133207071540553,0.711069023846851,27.994858575752907,9337,1m
14583823,LakePond,0.5106321338800446,1.6470489637950683,0.5490163212650228,21.614827469836072,510652,1m
14826561,LakePond,0.015912594683344387,1.9319711070705008,0.6439903690235003,25.353965227492107,15822,1m
12575332,LakePond,0.028018996560179844,1.6506663773674206,0.5502221257891402,21.66230011453103,28003,1m
21535674,LakePond,0.028961789384878523,3.0022371083288517,1.0007457027762838,39.399458392872575,28935,1m
11455906,LakePond,0.044025958884163455,0.0,0.0,0.0,43991,1m
21535126,LakePond,0.048550199859671975,10.247150405464717,3.4157168018215724,134.4771120593955,48474,1m
14298183,LakePond,0.01836913128294784,1.3213697053859779,0.4404565684619926,17.340819146005494,18342,1m
14292975,LakePond,0.03706129895390545,0.0,0.0,0.0,37011,1m
14414471,LakePond,0.03130504130598317,1.4267996551558817,0.47559988505196055,18.724415034484192,31287,1m
14289119,LakePond,0.010117351353280249,1.0131310697265137,0.3377103565755045,13.295690509413271,10109,1m
11457138,LakePond,0.04387368169610207,5.731299842724566,1.9104332809081885,75.21394931268347,43989,1m
14251475,LakePond,0.03160979025394628,3.2388332622429856,1.0796110874143285,42.50439647261086,31610,1m
14289423,LakePond,0.00820298542792764,1.213905804419422,0.4046352681398073,15.930530970191029,8196,1m
14048411,LakePond,0.06468785610808972,2.0229564063393455,0.6743188021131151,26.547998671073554,65277,1m
12572684,LakePond,0.12539301958841695,0.0,0.0,0.0,124352,1m
14277322,LakePond,0.03755230801135919,0.7033737906789953,0.23445793022633177,9.230632158803704,37518,1m
14290677,LakePond,0.03707820434662596,3.0603065575646053,1.0201021858548684,40.16152506732476,37038,1m
11500638,LakePond,0.06203890348559831,2.8359922495688816,0.9453307498562938,37.21776615491728,61990,1m
11460286,LakePond,0.03155238505023509,1.755020448387543,0.5850068161291809,23.031776851687468,31532,1m
14432853,LakePond,0.018465128737468212,2.270486773214044,0.7568289244046813,29.796430436704743,18457,1m
14520105,LakePond,0.017120740883273627,2.914181214199543,0.9713937380665143,38.24386860705248,17129,1m
14289863,LakePond,0.024220528148572826,1.1259667457271276,0.37532224857570917,14.776474458650528,24197,1m
11439393,LakePond,0.04471412499079544,2.8781824656937367,0.9593941552312455,37.77144383086966,44678,1m
11498540,LakePond,0.09662975840389341,0.26993384655586955,0.08997794885195651,3.542440844096413,96506,1m
14413771,LakePond,0.054816237558797574,2.546733807165762,0.8489112690552539,33.421721553832256,54781,1m
14291219,LakePond,0.014555163522175708,2.161095272514351,0.720365090838117,28.360845662805747,14537,1m
14183410,LakePond,0.05102014129015801,8.963351512032666,2.987783837344222,117.62934845462576,50976,1m
14682604,LakePond,0.12639810059979822,0.7267393749051373,0.24224645830171243,9.537267287984248,126291,1m
14825979,LakePond,0.011301905663301021,1.3796647685649082,0.4598882561883027,18.105846634959097,11287,1m
14266968,LakePond,0.1574575982950615,5.923007778319877,1.9743359261066256,77.72980284441046,158739,1m
6675212,LakePond,0.021561456807236624,2.564373142064995,0.8547910473549983,33.65320901347102,21558,1m
14290911,LakePond,0.012725996005583422,1.242454223357398,0.41415140778579934,16.3051823396677,12724,1m
11494970,LakePond,0.02090650399517193,1.6191946238617347,0.5397315412872449,21.24928475363296,20874,1m
11498004,LakePond,0.08685675770681077,1.0609642786008726,0.3536547595336242,13.923423248314737,86781,1m
11498558,LakePond,0.027120673434603684,3.027707778337193,1.0092359261123975,39.733719334637705,27092,1m
12572814,LakePond,0.024947364204440086,3.262888009420799,1.0876293364735996,42.820075739899266,24928,1m
14253337,LakePond,0.014353878443992784,1.1050319478039434,0.36834398260131446,14.50173942941201,14293,1m
14285945,LakePond,0.05894321017915848,1.2282752016329979,0.40942506721099925,16.119105838603762,58860,1m
21541514,LakePond,0.02873129674160031,0.0,0.0,0.0,28697,1m
14683472,LakePond,0.03776802167784231,0.0,0.0,0.0,37733,1m
14268448,LakePond,0.06178309361753974,2.2099013062473203,0.7366337687491067,29.001345139029205,61738,1m
14183494,LakePond,0.043358364833011774,2.5387203368803095,0.8462401122934364,33.31655784500382,42815,1m
14160184,LakePond,0.18347581957876483,6.599214251153627,2.1997380837178753,86.60390832978112,183216,1m
14298487,LakePond,0.058861085831643345,1.6085728825279655,0.5361909608426552,21.10989174747142,58823,1m
11467862,LakePond,0.019148243349222886,0.0,0.0,0.0,19131,1m
14411781,LakePond,0.07949428027148533,0.0,0.0,0.0,79405,1m
21540858,LakePond,0.018645776575513116,5.453882852399482,1.8179609507998271,71.57330442908427,18638,1m
14412841,LakePond,0.014446758848826888,1.0661745429527008,0.3553915143175669,13.99179945783404,14442,1m
11461586,LakePond,0.037696508056317364,0.5160543171393702,0.1720181057131234,6.772370023736239,37673,1m
14414373,LakePond,0.016412260254402074,1.2823181080421917,0.42743936934739724,16.828330715143963,16407,1m
14747110,LakePond,0.011968338312459872,0.5120812648040515,0.1706937549346838,6.720230201153995,11964,1m
14438980,LakePond,0.06600425658565442,0.7523590522257023,0.25078635074190075,9.873483707343707,66019,1m
14291117,LakePond,0.02595582945225206,2.1418459100083704,0.7139486366694567,28.108229220540178,25935,1m
11461594,LakePond,0.02331004389519379,2.4609932614647834,0.8203310871549278,32.29651693439822,23290,1m
14413413,LakePond,0.017698195877230167,1.114696313197338,0.371565437732446,14.628568440070172,17686,1m
14267020,LakePond,0.007522901369042433,1.2111186992983751,0.40370623309945836,15.893954767748985,7515,1m
14048213,LakePond,0.08329167005022703,5.913674758316801,1.9712249194389335,77.60732220080276,83197,1m
167204369,LakePond,0.5469915979668758,0.0,0.0,0.0,546322,1m
14678210,LakePond,0.04354214237912146,5.032232279949424,1.6774107599831414,66.03982936161228,43502,1m
21529436,LakePond,0.021003654596680913,4.776725866854275,1.5922419556180918,62.686725016879834,21015,1m
11439795,LakePond,0.011625407347987093,1.8326067545315612,0.610868918177187,24.049970395527673,11617,1m
14292597,LakePond,0.03235980335900582,1.6966895051981616,0.5655631683993871,22.266278496200712,31930,1m
14266332,LakePond,0.030145017486532914,2.195502987782681,0.7318343292608935,28.812390726434305,30112,1m
14679516,LakePond,0.014920030741602266,1.151136571815946,0.38371219060531536,15.106787315350326,15000,1m
21535732,LakePond,0.08649896572287648,7.094121751157628,2.3647072503858757,93.09876091841697,86398,1m
11458740,LakePond,0.005303455911601208,0.040586045943628,0.013528681981209333,0.5326255624684095,5315,1m
14290489,LakePond,0.01500557118291059,1.238436358210503,0.41281211940350093,16.252454422127773,14992,1m
11438713,LakePond,0.020693168836987498,0.4719369505371619,0.1573123168457206,6.193401645447705,20678,1m
14414271,LakePond,0.013335729296303491,0.9999181787383442,0.33330605957944803,13.122292896248828,13333,1m
14158702,LakePond,0.03132769665753579,1.3442006820119565,0.44806689400398547,17.64043842362631,31308,1m
14433127,LakePond,0.00761714187374508,0.0,0.0,0.0,7613,1m
14268390,LakePond,0.05326120694080325,0.0,0.0,0.0,53648,1m
14413467,LakePond,0.016863582752391068,1.5367860197943746,0.5122620065981248,20.167806425968834,16866,1m
14827131,LakePond,0.014273965834387628,3.1755853049979628,1.058528434999321,41.674370338766764,14203,1m
14666287,LakePond,0.013760174312305463,0.12717383381696526,0.04239127793898842,1.668948851585768,13757,1m
14825703,LakePond,0.01270040833642185,0.9892292374947768,0.32974307916492557,12.982018001031037,12675,1m
12571772,LakePond,0.0335883857652281,3.406426411491457,1.1354754704971524,44.70378282101994,33553,1m
14161318,LakePond,0.03061620149424753,2.0157776729449615,0.6719258909816538,26.45378952053681,30572,1m
14520223,LakePond,0.030960877043388336,3.4519307332865945,1.1506435777621982,45.30095272085552,30931,1m
14291183,LakePond,0.017484261868275095,1.6754092436809316,0.5584697478936438,21.987009821547545,17477,1m
14286313,LakePond,0.021173647611909204,1.2643152902016777,0.42143843006722587,16.59207313558969,21124,1m
14747850,LakePond,0.09883452841114583,1.4150840372078466,0.4716946790692822,18.570666684425547,98754,1m
14157794,LakePond,0.07836184645251953,1.3865134630463607,0.46217115434878686,18.195724563827174,78247,1m
14277966,LakePond,0.16546834510941905,0.9899981064527609,0.32999936881758696,12.992108150285281,165285,1m
14292013,LakePond,0.0366377602815633,2.8330243393990866,0.9443414464663622,37.178817181525325,36614,1m
11468184,LakePond,0.02233706288011031,2.1347567084490606,0.7115855694830202,28.015195029103456,22319,1m
12572460,LakePond,0.03323476055588166,1.8590503628691424,0.619683454289714,24.396999563731473,33203,1m
12570468,LakePond,0.038512007807797476,2.0247509243203874,0.6749169747734625,26.571548788528695,38469,1m
14745884,LakePond,1.5236739186042862,0.10692796437273898,0.03564265479091299,1.4032548833837235,1522423,1m
14827205,LakePond,0.03703904736781705,2.5950418354529883,0.865013945150996,34.05568552198923,37027,1m
14276078,LakePond,0.08469796013029679,4.911492774858881,1.6371642582862935,64.45532056515721,84594,1m
14048167,LakePond,0.05057949632771931,5.819559909208091,1.9398533030693637,76.37221852717116,50521,1m
14745580,LakePond,0.023017188778121016,1.9309897029760006,0.6436632343253335,25.34108590171181,23000,1m
14295291,LakePond,0.015056092202028163,0.9040025388771785,0.3013341796257262,11.863556785282801,14875,1m
14295513,LakePond,0.044597016133612416,2.996982583126364,0.9989941943754547,39.33050133198109,44574,1m
14286153,LakePond,0.02323116972663718,1.3710176448767146,0.45700588162557154,17.992367260186914,23196,1m
14289215,LakePond,0.015690486347109033,1.202409164314895,0.4008030547716317,15.779656346664618,15680,1m
14413623,LakePond,0.02383445396682251,1.9615388213859022,0.6538462737953007,25.741993183948367,23813,1m
14292477,LakePond,0.03538631011734988,0.45404244387811543,0.15134748129270514,5.958565473241931,35340,1m
14413047,LakePond,0.03966689045445567,2.4904008803862485,0.8301336267954161,32.68244390029821,40217,1m
14299041,LakePond,0.022979980533991612,1.3382739707573488,0.4460913235857829,17.562660018704634,22958,1m
14679332,LakePond,0.027217814985367024,4.0041077181808955,1.334702572726965,52.547373758517885,27189,1m
14412929,LakePond,0.01054051302583981,7.373918710311154,2.457972903437051,96.77063900560705,10536,1m
6675322,LakePond,0.2698027857125014,0.0,0.0,0.0,269801,1m
14291099,LakePond,0.0242909604489344,2.4098973545434292,0.8032991181811431,31.625966612703422,24269,1m
11461010,LakePond,0.00557197488435656,0.19574830374924027,0.06524943458308008,2.568876764479321,5571,1m
14520337,LakePond,0.0403182530029575,4.917404069533318,1.6391346898444392,64.53289665264455,40027,1m
14745904,LakePond,0.03148268308104177,0.0,0.0,0.0,31384,1m
12572666,LakePond,0.04269656802924328,1.6863093821374846,0.5621031273791615,22.130056335230325,42647,1m
14252495,LakePond,0.013950340664702899,1.5082652410444186,0.5027550803481395,19.793517788814288,13950,1m
14747570,LakePond,0.024394292905475196,2.0536624750655195,0.6845541583551731,26.950965669859,24400,1m
14747542,LakePond,0.01865912509373547,2.1424743345545783,0.7141581115181928,28.1164762662824,18660,1m
14297693,LakePond,0.026309888623192654,2.5949609216545224,0.8649869738848408,34.05462366054357,26309,1m
14747810,LakePond,0.0410477925621975,4.174237639219261,1.3914125464064204,54.78005109327541,41006,1m
11445081,LakePond,0.05925870018538305,6.484498260132558,2.1614994200441857,85.09844831708159,59305,1m
14156146,LakePond,0.034348318626091175,3.46652962460018,1.1555098748667265,45.49253932449051,34774,1m
14184152,LakePond,0.0726716979960545,5.5038687992189335,1.8346229330729777,72.22928833737645,72586,1m
11440171,LakePond,0.013145598115863156,2.52465739071958,0.8415524635731934,33.13200464612298,13134,1m
14583825,LakePond,0.013780127808130701,1.8927836830193951,0.6309278943397983,24.839694292947296,13599,1m
14824823,LakePond,0.050919330697830084,1.7589409121416784,0.5863136373805594,23.083226535036363,50878,1m
14294523,LakePond,0.03754646046052916,0.9652606307277445,0.3217535435759148,12.667469185938122,37527,1m
11500464,LakePond,0.07429420263440355,0.17955095507829488,0.05985031835943162,2.356313018842659,73808,1m
14825733,LakePond,0.03883388781474166,1.0777630398842646,0.3592543466280882,14.143879552182495,38812,1m
14289253,LakePond,0.038033420277264876,2.377710437038391,0.7925701456794636,31.20356589241505,37995,1m
11462238,LakePond,0.028546264748551188,2.540670991208103,0.846890330402701,33.34215699698738,28519,1m
14279728,LakePond,0.04303287411284413,3.432503398237957,1.1441677994126522,45.04600067965606,42995,1m
14683788,LakePond,0.05039894642921611,7.869848417171611,2.6232828057238704,103.27890638962936,50356,1m
14827245,LakePond,0.030871374671398402,2.3046149137589396,0.7682049712529798,30.244306538726942,30867,1m
11461158,LakePond,0.004379516690400763,0.8202744660449518,0.2734248220149839,10.764762585212118,4378,1m
11497620,LakePond,0.1134238888080841,0.0,0.0,0.0,113320,1m
14157354,LakePond,0.06782256051976113,0.0,0.0,0.0,67713,1m
21541592,LakePond,0.06630148191700873,4.894874143816116,1.631624714605372,64.23722817648496,66220,1m
12568188,LakePond,0.15297940170239135,4.521794515311838,1.5072648384372793,59.34116741575953,152833,1m
14172381,LakePond,0.020665911975064833,3.3519328876840753,1.1173109625613584,43.98864432713694,20641,1m
14158894,LakePond,0.07601773445350316,0.0,0.0,0.0,75895,1m
14828207,LakePond,0.028184732014897053,0.0,0.0,0.0,28075,1m
11494374,LakePond,0.10214846626584129,3.488263370945745,1.162754456981915,45.77775924682369,102797,1m
14143137,LakePond,0.02486415957049475,2.3519273043683713,0.7839757681227904,30.86520438857107,24867,1m
14143247,LakePond,0.04951930444409332,3.117518610251548,1.0391728700838492,40.91233981248815,49500,1m
14299413,LakePond,0.024398576285446498,1.0794380437295241,0.35981268124317467,14.16586124181191,24400,1m
14290187,LakePond,0.02425976057246126,2.1327140246554066,0.7109046748851355,27.988388140695275,24226,1m
21535924,LakePond,0.032450169019158176,3.208369654518414,1.0694565515061378,42.1046113784518,32408,1m
14746294,LakePond,0.2053554123084681,0.003476303484384305,0.0011587678281281015,0.045620805270186165,205206,1m
14413959,LakePond,0.08928684477446448,0.8004275803319938,0.2668091934439979,10.504304626809542,87986,1m
6675334,LakePond,0.09171291992703001,5.9559344333002215,1.9853114777667404,78.16191141082435,91704,1m
11461504,LakePond,0.017496718500124905,0.0,0.0,0.0,17484,1m
14683596,LakePond,0.024599560079011137,3.8265110433585283,1.2755036811195093,50.21670747604319,24577,1m
21535886,LakePond,0.02971275716913697,4.358819807219157,1.4529399357397188,57.202390564066306,29676,1m
14294461,LakePond,0.011720482714071414,1.901598167344112,0.6338660557813707,24.95537000271814,11718,1m
11456728,LakePond,0.08805524283319453,3.7084509811095256,1.2361503270365084,48.66736199046004,88005,1m
21541148,LakePond,0.009594279934038216,3.1875191936523626,1.0625063978841207,41.83098313533762,9585,1m
14289447,LakePond,0.02348948792291985,2.0405002369863,0.6801667456621,26.778232793391442,23471,1m
14295381,LakePond,0.01892880558561495,0.7159879126761417,0.2386626375587139,9.396171906950322,18919,1m
14683580,LakePond,0.4269181452485729,0.0,0.0,0.0,426539,1m
14686154,LakePond,0.05785784732093922,3.31958250581787,1.10652750193929,43.56409840410004,57804,1m
14293417,LakePond,0.01906676628755222,2.0448133261660995,0.6816044420553664,26.83483504416398,19045,1m
14666267,LakePond,0.014807694449126005,4.220109066298198,1.4067030220993992,55.38203865035556,14807,1m
14298367,LakePond,0.02799222839594621,3.0207580559983445,1.0069193519994482,39.64251558015347,27977,1m
14414049,LakePond,0.02307893507181009,1.9570285449775833,0.6523428483258611,25.682803172873985,23060,1m
21541462,LakePond,0.5249486667619637,7.629006634780778,2.5430022115935924,100.1182513706609,524386,1m
14291059,LakePond,0.027306083522881625,2.9013206328621073,0.9671068776207024,38.075094482614816,27283,1m
14158018,LakePond,0.06743742733158847,7.113775578134538,2.371258526044846,93.3566852962382,67340,1m
14251453,LakePond,0.013918222256251642,3.552436437908316,1.184145479302772,46.61992593469806,13919,1m
21535152,LakePond,0.06095371231430786,3.882524173069722,1.294174724356574,50.95178831539076,60866,1m
11460612,LakePond,0.009845762718863739,1.1810343074936276,0.3936781024978758,15.499146263151621,9840,1m
14413885,LakePond,0.03415576780637598,2.2266720281725867,0.7422240093908622,29.221433472119184,34125,1m
14432655,LakePond,0.009729293632735935,1.844467973446771,0.6148226578155903,24.20562952046557,9732,1m
21535232,LakePond,0.04152060177053196,4.3459904591569885,1.4486634863856627,57.03402632535218,41458,1m
11501218,LakePond,0.03279780234800539,3.295919875314913,1.0986399584383042,43.25356502771188,32779,1m
14412103,LakePond,0.02791883070677062,2.798268537569283,0.932756179189761,36.72270405031881,27878,1m
11468592,LakePond,0.021613543421743014,0.8692404112555968,0.28974680375186557,11.407360638391323,21553,1m
14293137,LakePond,0.02998631252488621,2.6004754215649952,0.866825140521665,34.12699246485201,29951,1m
14825953,LakePond,0.01805804247328216,0.5483036084102648,0.18276786947008827,7.1955892978243225,18045,1m
12571836,LakePond,0.0273771229305018,5.204675737340997,1.734891912446999,68.3028680822296,27534,1m
11501128,LakePond,0.04160979300662246,1.3867522528737504,0.4622507509579168,18.198858290288282,41579,1m
11461082,LakePond,0.010032433782015156,0.0,0.0,0.0,10033,1m
11503630,LakePond,0.010612355474257205,3.477053677334901,1.1590178924449668,45.63065032734759,10605,1m
11439833,LakePond,0.08204245634526838,3.3154720045582717,1.1051573348527572,43.51015478888654,81784,1m
14252743,LakePond,0.07345825351755435,2.2627402074704293,0.7542467358234763,29.694769414043847,73442,1m
11439499,LakePond,0.015195885960974705,0.2471956456186865,0.08239854853956216,3.244039095857416,15186,1m
14825489,LakePond,0.011511207736266856,1.0959506458202706,0.36531688194009015,14.382562173669543,11494,1m
21536146,LakePond,0.025671409182772505,0.7189784583919124,0.23965948613063748,9.435417934911811,25648,1m
11435961,LakePond,0.04319915172217558,0.0,0.0,0.0,43164,1m
14679300,LakePond,0.04797372844848126,6.530658075731872,2.1768860252439572,85.70422050245712,47926,1m
14439584,LakePond,0.015187032144710236,1.495420312289071,0.4984734374296903,19.62494907895065,15180,1m
11455792,LakePond,0.08076375586870932,1.6635477346203473,0.5545159115401157,21.83134688892551,80687,1m
14160308,LakePond,0.0608565813815812,0.7477645534551175,0.24925485115170581,9.813188415327772,60771,1m
14292867,LakePond,0.08142444396813535,1.3033368474568856,0.43444561581896185,17.10416733935411,81336,1m
14290383,LakePond,0.009401126217526654,1.8169055395196738,0.6056351798398912,23.843917593814503,9271,1m
14745798,LakePond,0.016691029391380383,0.0,0.0,0.0,16658,1m
14155846,LakePond,0.028902993563079772,4.567871333210562,1.5226237777368539,59.94585039187771,28866,1m
14251493,LakePond,0.04078264593341201,2.602868010864688,0.8676226702882294,34.15839129151462,40773,1m
11456168,LakePond,0.03208576497274086,0.13794805542986419,0.04598268514328806,1.8103429123597652,32058,1m
14666265,LakePond,0.013282418301970552,0.41431145861797175,0.1381038195393239,5.437161185645136,13273,1m
14279154,LakePond,0.01680543124981458,2.6707789444777847,0.8902596481592615,35.04961137399494,16782,1m
